index,lang_id
1,xho
2,xho
3,eng
4,nso
5,ven
6,nso
7,tsn
8,ven
9,nso
10,tsn
11,nbl
12,ven
13,zul
14,ssw
15,zul
16,nso
17,tso
18,zul
19,sot
20,nbl
21,tsn
22,tsn
23,tso
24,eng
25,ssw
26,zul
27,nbl
28,ssw
29,xho
30,sot
31,eng
32,sot
33,afr
34,tso
35,ssw
36,tsn
37,zul
38,eng
39,tso
40,tsn
41,afr
42,eng
43,afr
44,xho
45,tsn
46,sot
47,tso
48,ssw
49,nbl
50,afr
51,tsn
52,tso
53,ssw
54,afr
55,tso
56,sot
57,zul
58,nso
59,nso
60,xho
61,afr
62,nso
63,afr
64,tso
65,tsn
66,tso
67,tso
68,ssw
69,zul
70,nbl
71,tso
72,nbl
73,nbl
74,xho
75,ssw
76,ssw
77,sot
78,eng
79,zul
80,xho
81,sot
82,ven
83,nbl
84,tsn
85,tso
86,sot
87,eng
88,tsn
89,ven
90,tsn
91,nso
92,zul
93,sot
94,tsn
95,nbl
96,nso
97,ssw
98,sot
99,tsn
100,zul
101,ven
102,tso
103,ven
104,eng
105,eng
106,tso
107,tsn
108,zul
109,tsn
110,zul
111,afr
112,afr
113,sot
114,eng
115,nso
116,ven
117,nbl
118,sot
119,nbl
120,tsn
121,afr
122,zul
123,ven
124,ven
125,sot
126,eng
127,sot
128,zul
129,afr
130,nbl
131,afr
132,tsn
133,eng
134,ven
135,tso
136,afr
137,eng
138,ven
139,xho
140,tso
141,nso
142,nso
143,nbl
144,zul
145,ven
146,tso
147,eng
148,xho
149,zul
150,ssw
151,ven
152,afr
153,eng
154,eng
155,zul
156,nso
157,tso
158,xho
159,tsn
160,ven
161,afr
162,ssw
163,tsn
164,nbl
165,afr
166,ven
167,ven
168,nbl
169,tso
170,sot
171,tsn
172,afr
173,nbl
174,tso
175,nbl
176,tso
177,nbl
178,afr
179,xho
180,eng
181,xho
182,tsn
183,sot
184,nso
185,eng
186,sot
187,nso
188,ssw
189,sot
190,ven
191,zul
192,nso
193,nso
194,xho
195,ssw
196,sot
197,ssw
198,ssw
199,ven
200,xho
201,ssw
202,ssw
203,zul
204,tso
205,ssw
206,sot
207,tsn
208,tso
209,eng
210,ssw
211,nso
212,sot
213,ven
214,xho
215,tsn
216,zul
217,nso
218,xho
219,ven
220,eng
221,tsn
222,sot
223,tsn
224,tsn
225,zul
226,sot
227,eng
228,xho
229,ssw
230,eng
231,tso
232,ssw
233,nso
234,nso
235,sot
236,ssw
237,xho
238,tsn
239,ssw
240,eng
241,ven
242,zul
243,afr
244,ven
245,zul
246,zul
247,xho
248,sot
249,zul
250,ssw
251,zul
252,xho
253,tso
254,nso
255,tso
256,afr
257,afr
258,nso
259,ven
260,xho
261,zul
262,nso
263,afr
264,xho
265,afr
266,nso
267,tsn
268,xho
269,zul
270,ven
271,nbl
272,zul
273,afr
274,xho
275,ssw
276,tsn
277,tsn
278,nso
279,tsn
280,tsn
281,afr
282,tso
283,afr
284,eng
285,nso
286,tso
287,xho
288,afr
289,nbl
290,ven
291,afr
292,nso
293,nso
294,ven
295,sot
296,nbl
297,nbl
298,tso
299,ven
300,tso
301,ven
302,afr
303,nso
304,eng
305,nso
306,sot
307,ssw
308,ven
309,zul
310,eng
311,sot
312,tso
313,afr
314,nso
315,sot
316,ven
317,eng
318,nso
319,ssw
320,zul
321,nbl
322,afr
323,nso
324,tsn
325,sot
326,xho
327,ven
328,nbl
329,tsn
330,afr
331,eng
332,afr
333,ssw
334,ven
335,ven
336,ssw
337,ssw
338,afr
339,xho
340,zul
341,tso
342,eng
343,ven
344,afr
345,ssw
346,sot
347,tso
348,xho
349,xho
350,nso
351,eng
352,zul
353,sot
354,nso
355,ven
356,eng
357,afr
358,nbl
359,nso
360,nbl
361,nbl
362,zul
363,nso
364,nso
365,xho
366,ven
367,sot
368,tso
369,tsn
370,nbl
371,ssw
372,eng
373,xho
374,afr
375,tso
376,tsn
377,eng
378,xho
379,xho
380,zul
381,tso
382,zul
383,tso
384,ssw
385,zul
386,eng
387,ven
388,tsn
389,zul
390,ven
391,ssw
392,nso
393,nbl
394,afr
395,ven
396,xho
397,ven
398,afr
399,sot
400,nso
401,ssw
402,nbl
403,nbl
404,nso
405,tsn
406,nbl
407,eng
408,eng
409,sot
410,tso
411,sot
412,ven
413,eng
414,nso
415,afr
416,ven
417,eng
418,sot
419,nbl
420,ssw
421,ssw
422,nbl
423,nbl
424,afr
425,ven
426,tso
427,afr
428,nbl
429,tso
430,xho
431,ven
432,tsn
433,zul
434,nbl
435,xho
436,ven
437,tso
438,afr
439,tso
440,nso
441,tsn
442,sot
443,xho
444,tso
445,eng
446,nbl
447,tsn
448,tso
449,sot
450,ven
451,zul
452,tsn
453,ssw
454,afr
455,nso
456,sot
457,tso
458,tso
459,tso
460,ssw
461,ssw
462,nso
463,afr
464,sot
465,ven
466,xho
467,ven
468,tso
469,tsn
470,eng
471,afr
472,ven
473,xho
474,nso
475,eng
476,nso
477,ven
478,zul
479,tso
480,afr
481,ven
482,sot
483,sot
484,nso
485,zul
486,nbl
487,tsn
488,tsn
489,sot
490,nso
491,eng
492,nbl
493,tsn
494,ssw
495,tsn
496,nso
497,zul
498,eng
499,nbl
500,nso
501,eng
502,zul
503,tsn
504,tsn
505,nbl
506,xho
507,ssw
508,eng
509,tsn
510,sot
511,ven
512,ssw
513,nso
514,tsn
515,xho
516,ven
517,nbl
518,ssw
519,afr
520,sot
521,zul
522,nbl
523,nso
524,nso
525,zul
526,zul
527,sot
528,xho
529,xho
530,ssw
531,ssw
532,ssw
533,ssw
534,sot
535,xho
536,zul
537,ssw
538,nbl
539,nso
540,tsn
541,eng
542,ven
543,nso
544,nbl
545,tso
546,afr
547,zul
548,eng
549,tso
550,eng
551,ven
552,nbl
553,nbl
554,nbl
555,nbl
556,ssw
557,eng
558,ven
559,tso
560,zul
561,xho
562,nbl
563,sot
564,ssw
565,sot
566,afr
567,ven
568,zul
569,tsn
570,ssw
571,nso
572,ven
573,nbl
574,tsn
575,ven
576,afr
577,sot
578,tso
579,ven
580,tsn
581,nbl
582,tso
583,zul
584,afr
585,ssw
586,ven
587,xho
588,eng
589,xho
590,nso
591,sot
592,afr
593,eng
594,tso
595,zul
596,tso
597,sot
598,tsn
599,eng
600,xho
601,ven
602,afr
603,tso
604,xho
605,tsn
606,ssw
607,tsn
608,xho
609,xho
610,zul
611,nso
612,nso
613,eng
614,ven
615,ssw
616,nso
617,nso
618,nbl
619,tsn
620,xho
621,zul
622,ssw
623,xho
624,tsn
625,eng
626,ven
627,ssw
628,afr
629,eng
630,eng
631,nso
632,ven
633,zul
634,nbl
635,afr
636,ven
637,ssw
638,tso
639,ven
640,eng
641,zul
642,xho
643,nso
644,tso
645,sot
646,eng
647,afr
648,ven
649,sot
650,sot
651,nbl
652,eng
653,nso
654,afr
655,zul
656,sot
657,nso
658,eng
659,tso
660,nso
661,afr
662,ssw
663,zul
664,afr
665,nso
666,zul
667,ven
668,nbl
669,eng
670,eng
671,ven
672,nbl
673,nbl
674,nbl
675,sot
676,ssw
677,tsn
678,eng
679,ven
680,afr
681,ven
682,eng
683,nbl
684,sot
685,ven
686,afr
687,ssw
688,zul
689,ven
690,sot
691,xho
692,xho
693,afr
694,zul
695,tso
696,zul
697,eng
698,sot
699,tsn
700,tso
701,nso
702,afr
703,ssw
704,zul
705,tsn
706,zul
707,sot
708,tso
709,sot
710,afr
711,eng
712,eng
713,eng
714,zul
715,eng
716,nso
717,afr
718,eng
719,ssw
720,tso
721,sot
722,eng
723,afr
724,afr
725,tsn
726,tso
727,xho
728,sot
729,tsn
730,ssw
731,ssw
732,ssw
733,tso
734,ssw
735,nbl
736,ven
737,nso
738,ssw
739,ven
740,nso
741,eng
742,zul
743,tsn
744,ssw
745,ven
746,tsn
747,zul
748,eng
749,nbl
750,ven
751,xho
752,ven
753,ssw
754,zul
755,nbl
756,eng
757,afr
758,eng
759,xho
760,tsn
761,tsn
762,tsn
763,ssw
764,tso
765,tsn
766,xho
767,eng
768,ven
769,nso
770,ssw
771,afr
772,tsn
773,xho
774,sot
775,xho
776,ssw
777,xho
778,ssw
779,nso
780,xho
781,nso
782,nso
783,zul
784,xho
785,tso
786,sot
787,eng
788,nbl
789,sot
790,ven
791,tsn
792,ven
793,nbl
794,xho
795,eng
796,eng
797,zul
798,nso
799,tsn
800,tsn
801,ven
802,eng
803,afr
804,sot
805,tsn
806,nbl
807,afr
808,nso
809,nbl
810,afr
811,afr
812,ssw
813,sot
814,zul
815,xho
816,sot
817,afr
818,tsn
819,tsn
820,tsn
821,nso
822,nbl
823,tso
824,tsn
825,eng
826,sot
827,xho
828,sot
829,tso
830,ven
831,afr
832,sot
833,ssw
834,zul
835,eng
836,eng
837,sot
838,afr
839,ssw
840,zul
841,nbl
842,afr
843,nso
844,nso
845,zul
846,zul
847,nso
848,nso
849,sot
850,tso
851,ven
852,nso
853,eng
854,xho
855,ssw
856,nbl
857,ven
858,nbl
859,ssw
860,tso
861,tsn
862,nso
863,nbl
864,sot
865,ven
866,afr
867,tsn
868,nso
869,eng
870,nbl
871,ssw
872,eng
873,tso
874,zul
875,ven
876,xho
877,tsn
878,sot
879,afr
880,nso
881,eng
882,eng
883,xho
884,xho
885,xho
886,afr
887,sot
888,ssw
889,nso
890,xho
891,ven
892,xho
893,ven
894,ssw
895,ssw
896,nso
897,nbl
898,ssw
899,nso
900,tso
901,sot
902,ven
903,tsn
904,sot
905,ven
906,ven
907,xho
908,ven
909,ssw
910,tso
911,zul
912,tso
913,xho
914,xho
915,xho
916,zul
917,nso
918,nbl
919,zul
920,eng
921,xho
922,zul
923,zul
924,xho
925,afr
926,ssw
927,afr
928,afr
929,ven
930,zul
931,tso
932,ven
933,nso
934,zul
935,ssw
936,afr
937,ssw
938,tso
939,eng
940,tso
941,xho
942,eng
943,nbl
944,nbl
945,tso
946,xho
947,nso
948,eng
949,xho
950,nso
951,afr
952,tso
953,tso
954,ven
955,zul
956,ven
957,ven
958,nbl
959,ven
960,ssw
961,ven
962,sot
963,ssw
964,eng
965,nbl
966,ven
967,nso
968,xho
969,ven
970,sot
971,tsn
972,sot
973,eng
974,tsn
975,eng
976,ven
977,zul
978,tso
979,afr
980,tsn
981,afr
982,afr
983,sot
984,afr
985,ssw
986,zul
987,zul
988,nbl
989,afr
990,zul
991,ssw
992,afr
993,afr
994,zul
995,ssw
996,sot
997,nbl
998,nbl
999,sot
1000,zul
1001,tso
1002,nso
1003,tsn
1004,nbl
1005,nbl
1006,nbl
1007,tsn
1008,nso
1009,tso
1010,afr
1011,ssw
1012,zul
1013,sot
1014,xho
1015,xho
1016,tsn
1017,afr
1018,nso
1019,sot
1020,xho
1021,ssw
1022,sot
1023,xho
1024,afr
1025,xho
1026,ssw
1027,ven
1028,nbl
1029,ssw
1030,eng
1031,tso
1032,nso
1033,nbl
1034,nbl
1035,nbl
1036,eng
1037,tso
1038,zul
1039,tsn
1040,zul
1041,tsn
1042,tso
1043,sot
1044,afr
1045,ven
1046,zul
1047,zul
1048,zul
1049,eng
1050,sot
1051,tsn
1052,zul
1053,xho
1054,afr
1055,zul
1056,xho
1057,xho
1058,xho
1059,nbl
1060,tso
1061,ssw
1062,ven
1063,sot
1064,tsn
1065,tsn
1066,zul
1067,ssw
1068,ven
1069,eng
1070,tsn
1071,xho
1072,ven
1073,eng
1074,nso
1075,eng
1076,ssw
1077,sot
1078,tso
1079,ven
1080,eng
1081,tso
1082,sot
1083,nso
1084,eng
1085,tso
1086,nso
1087,xho
1088,ssw
1089,afr
1090,afr
1091,ven
1092,xho
1093,eng
1094,nbl
1095,ven
1096,zul
1097,tso
1098,sot
1099,xho
1100,zul
1101,zul
1102,eng
1103,eng
1104,eng
1105,tsn
1106,sot
1107,nso
1108,tsn
1109,nso
1110,nbl
1111,tso
1112,ven
1113,ven
1114,tso
1115,tso
1116,zul
1117,ven
1118,ven
1119,ven
1120,tso
1121,tsn
1122,xho
1123,afr
1124,xho
1125,eng
1126,ssw
1127,ven
1128,zul
1129,ssw
1130,sot
1131,afr
1132,xho
1133,nso
1134,tso
1135,xho
1136,eng
1137,xho
1138,nbl
1139,tso
1140,sot
1141,afr
1142,ssw
1143,ven
1144,eng
1145,zul
1146,tsn
1147,sot
1148,ven
1149,tso
1150,eng
1151,ven
1152,tsn
1153,tso
1154,eng
1155,afr
1156,nbl
1157,ssw
1158,zul
1159,zul
1160,xho
1161,eng
1162,eng
1163,xho
1164,zul
1165,tso
1166,nbl
1167,ven
1168,tso
1169,xho
1170,nso
1171,tsn
1172,xho
1173,ssw
1174,nso
1175,nso
1176,xho
1177,sot
1178,sot
1179,tsn
1180,eng
1181,sot
1182,nbl
1183,ven
1184,eng
1185,ven
1186,nbl
1187,ven
1188,ssw
1189,xho
1190,tsn
1191,tso
1192,zul
1193,xho
1194,zul
1195,nbl
1196,afr
1197,zul
1198,tsn
1199,tsn
1200,afr
1201,afr
1202,tso
1203,afr
1204,eng
1205,sot
1206,tso
1207,ssw
1208,xho
1209,nbl
1210,eng
1211,nbl
1212,afr
1213,nso
1214,tsn
1215,zul
1216,tso
1217,sot
1218,ssw
1219,nbl
1220,nbl
1221,ven
1222,ven
1223,sot
1224,tso
1225,xho
1226,eng
1227,nso
1228,afr
1229,tso
1230,nso
1231,nso
1232,tsn
1233,sot
1234,afr
1235,tso
1236,tso
1237,xho
1238,zul
1239,xho
1240,tsn
1241,ven
1242,sot
1243,zul
1244,nso
1245,nbl
1246,tsn
1247,tsn
1248,tso
1249,afr
1250,xho
1251,nso
1252,xho
1253,ssw
1254,ven
1255,ven
1256,tsn
1257,nso
1258,zul
1259,xho
1260,ven
1261,nbl
1262,ssw
1263,nbl
1264,xho
1265,nbl
1266,tso
1267,nso
1268,ven
1269,ven
1270,xho
1271,afr
1272,ssw
1273,afr
1274,nbl
1275,afr
1276,eng
1277,ssw
1278,nbl
1279,eng
1280,afr
1281,xho
1282,zul
1283,ven
1284,ven
1285,tso
1286,afr
1287,afr
1288,tsn
1289,afr
1290,nbl
1291,eng
1292,eng
1293,eng
1294,tso
1295,eng
1296,zul
1297,afr
1298,afr
1299,sot
1300,tso
1301,ven
1302,nbl
1303,zul
1304,afr
1305,xho
1306,zul
1307,tso
1308,ven
1309,afr
1310,nso
1311,ssw
1312,nbl
1313,afr
1314,tso
1315,xho
1316,eng
1317,nso
1318,tsn
1319,nso
1320,tso
1321,tsn
1322,nbl
1323,eng
1324,ven
1325,nbl
1326,xho
1327,nbl
1328,nbl
1329,nso
1330,xho
1331,zul
1332,nbl
1333,ssw
1334,zul
1335,zul
1336,tso
1337,tsn
1338,afr
1339,nbl
1340,afr
1341,zul
1342,xho
1343,afr
1344,nbl
1345,nso
1346,zul
1347,nbl
1348,afr
1349,sot
1350,afr
1351,afr
1352,xho
1353,xho
1354,ssw
1355,ssw
1356,tsn
1357,zul
1358,ven
1359,nso
1360,ssw
1361,ssw
1362,nso
1363,afr
1364,afr
1365,tsn
1366,ven
1367,ssw
1368,zul
1369,tso
1370,afr
1371,afr
1372,ssw
1373,ven
1374,xho
1375,nbl
1376,xho
1377,afr
1378,ven
1379,eng
1380,eng
1381,sot
1382,zul
1383,sot
1384,zul
1385,zul
1386,afr
1387,sot
1388,nso
1389,nso
1390,tso
1391,eng
1392,tso
1393,ssw
1394,eng
1395,eng
1396,afr
1397,nso
1398,zul
1399,nso
1400,ssw
1401,ven
1402,tsn
1403,ssw
1404,zul
1405,afr
1406,zul
1407,afr
1408,afr
1409,tso
1410,zul
1411,zul
1412,sot
1413,ven
1414,tso
1415,ssw
1416,zul
1417,nbl
1418,eng
1419,ven
1420,sot
1421,tsn
1422,tsn
1423,nso
1424,zul
1425,nso
1426,tsn
1427,xho
1428,tso
1429,eng
1430,ssw
1431,xho
1432,zul
1433,xho
1434,tso
1435,afr
1436,nbl
1437,nbl
1438,zul
1439,zul
1440,ven
1441,nso
1442,ven
1443,afr
1444,nbl
1445,nbl
1446,tso
1447,tso
1448,xho
1449,nbl
1450,ven
1451,tsn
1452,sot
1453,ven
1454,ssw
1455,xho
1456,ven
1457,zul
1458,sot
1459,tso
1460,ssw
1461,ven
1462,ssw
1463,zul
1464,ssw
1465,xho
1466,sot
1467,ven
1468,tso
1469,xho
1470,afr
1471,zul
1472,nbl
1473,xho
1474,tso
1475,tsn
1476,nso
1477,xho
1478,zul
1479,xho
1480,eng
1481,sot
1482,xho
1483,sot
1484,nso
1485,sot
1486,nbl
1487,nso
1488,afr
1489,zul
1490,ven
1491,eng
1492,tsn
1493,afr
1494,afr
1495,xho
1496,xho
1497,eng
1498,eng
1499,ssw
1500,sot
1501,afr
1502,sot
1503,zul
1504,eng
1505,zul
1506,xho
1507,eng
1508,nso
1509,ven
1510,nso
1511,tsn
1512,nso
1513,eng
1514,nso
1515,zul
1516,nbl
1517,xho
1518,nso
1519,nbl
1520,eng
1521,nso
1522,nbl
1523,afr
1524,tso
1525,zul
1526,ven
1527,tsn
1528,nso
1529,ven
1530,eng
1531,nbl
1532,ven
1533,zul
1534,zul
1535,nso
1536,ven
1537,nso
1538,ven
1539,tso
1540,tso
1541,eng
1542,nso
1543,eng
1544,tso
1545,afr
1546,ven
1547,nbl
1548,afr
1549,tso
1550,xho
1551,nso
1552,tsn
1553,zul
1554,sot
1555,tso
1556,afr
1557,nbl
1558,ssw
1559,afr
1560,tsn
1561,zul
1562,nso
1563,nso
1564,afr
1565,ven
1566,ssw
1567,tso
1568,nso
1569,tso
1570,sot
1571,eng
1572,nso
1573,tso
1574,afr
1575,xho
1576,eng
1577,nso
1578,tso
1579,zul
1580,eng
1581,afr
1582,nso
1583,tsn
1584,ven
1585,xho
1586,zul
1587,ven
1588,eng
1589,ven
1590,ssw
1591,tsn
1592,sot
1593,eng
1594,afr
1595,ven
1596,afr
1597,ven
1598,nso
1599,eng
1600,tsn
1601,zul
1602,afr
1603,xho
1604,nso
1605,nso
1606,tsn
1607,nso
1608,ven
1609,tso
1610,nbl
1611,ssw
1612,zul
1613,nso
1614,zul
1615,afr
1616,zul
1617,eng
1618,ssw
1619,xho
1620,nso
1621,tso
1622,tso
1623,xho
1624,tsn
1625,ssw
1626,nbl
1627,tso
1628,ven
1629,ven
1630,xho
1631,zul
1632,tsn
1633,tsn
1634,zul
1635,zul
1636,zul
1637,tsn
1638,eng
1639,xho
1640,tsn
1641,ven
1642,afr
1643,ssw
1644,sot
1645,ssw
1646,afr
1647,xho
1648,tso
1649,ssw
1650,nso
1651,tsn
1652,afr
1653,nbl
1654,tso
1655,xho
1656,sot
1657,tso
1658,tso
1659,zul
1660,afr
1661,xho
1662,ven
1663,ven
1664,tsn
1665,afr
1666,xho
1667,tso
1668,afr
1669,eng
1670,nso
1671,eng
1672,afr
1673,tso
1674,nbl
1675,sot
1676,ven
1677,ssw
1678,afr
1679,sot
1680,nso
1681,ssw
1682,nso
1683,xho
1684,tso
1685,tso
1686,tsn
1687,eng
1688,tsn
1689,eng
1690,eng
1691,nso
1692,xho
1693,afr
1694,tsn
1695,tso
1696,nso
1697,tso
1698,sot
1699,eng
1700,nbl
1701,nbl
1702,xho
1703,tso
1704,ssw
1705,eng
1706,eng
1707,xho
1708,ven
1709,nso
1710,sot
1711,xho
1712,nso
1713,xho
1714,ssw
1715,afr
1716,ven
1717,eng
1718,nbl
1719,nso
1720,sot
1721,afr
1722,nso
1723,tsn
1724,eng
1725,ven
1726,eng
1727,nbl
1728,sot
1729,tsn
1730,eng
1731,sot
1732,afr
1733,ven
1734,zul
1735,xho
1736,xho
1737,zul
1738,sot
1739,tso
1740,afr
1741,tso
1742,sot
1743,ssw
1744,tso
1745,eng
1746,tsn
1747,tsn
1748,tso
1749,ssw
1750,afr
1751,xho
1752,ven
1753,zul
1754,afr
1755,nso
1756,eng
1757,ssw
1758,xho
1759,tso
1760,nso
1761,tso
1762,xho
1763,tso
1764,zul
1765,tsn
1766,ven
1767,afr
1768,ssw
1769,nso
1770,ssw
1771,nbl
1772,nso
1773,tso
1774,nbl
1775,ssw
1776,nso
1777,sot
1778,tso
1779,eng
1780,sot
1781,nbl
1782,eng
1783,xho
1784,tso
1785,ssw
1786,sot
1787,xho
1788,sot
1789,afr
1790,eng
1791,afr
1792,zul
1793,nbl
1794,afr
1795,nso
1796,eng
1797,nbl
1798,eng
1799,xho
1800,ven
1801,zul
1802,ssw
1803,zul
1804,nbl
1805,tso
1806,zul
1807,tso
1808,zul
1809,zul
1810,xho
1811,nso
1812,ssw
1813,xho
1814,xho
1815,sot
1816,eng
1817,nso
1818,xho
1819,tsn
1820,ssw
1821,tsn
1822,tsn
1823,ssw
1824,afr
1825,eng
1826,eng
1827,eng
1828,eng
1829,eng
1830,afr
1831,ven
1832,nso
1833,tso
1834,tso
1835,zul
1836,tsn
1837,xho
1838,ven
1839,xho
1840,sot
1841,tso
1842,sot
1843,sot
1844,sot
1845,ven
1846,ven
1847,nbl
1848,tso
1849,tsn
1850,sot
1851,afr
1852,eng
1853,ven
1854,ssw
1855,tsn
1856,afr
1857,nbl
1858,ssw
1859,tsn
1860,tsn
1861,ven
1862,eng
1863,sot
1864,afr
1865,nso
1866,afr
1867,xho
1868,tso
1869,tso
1870,eng
1871,xho
1872,tso
1873,ssw
1874,eng
1875,eng
1876,ven
1877,nso
1878,ssw
1879,tsn
1880,ven
1881,sot
1882,tsn
1883,nbl
1884,tso
1885,nso
1886,xho
1887,eng
1888,ssw
1889,ven
1890,ssw
1891,xho
1892,ssw
1893,tso
1894,sot
1895,tsn
1896,xho
1897,zul
1898,eng
1899,zul
1900,tsn
1901,tso
1902,eng
1903,tso
1904,eng
1905,nso
1906,nbl
1907,tso
1908,ven
1909,eng
1910,ssw
1911,ssw
1912,ssw
1913,xho
1914,nso
1915,ssw
1916,ssw
1917,zul
1918,xho
1919,afr
1920,nbl
1921,tso
1922,eng
1923,nso
1924,ssw
1925,eng
1926,afr
1927,eng
1928,tso
1929,eng
1930,afr
1931,ven
1932,tsn
1933,eng
1934,ven
1935,ssw
1936,ven
1937,xho
1938,ven
1939,nso
1940,afr
1941,tso
1942,nso
1943,xho
1944,nbl
1945,tso
1946,tsn
1947,nbl
1948,zul
1949,ssw
1950,nbl
1951,tsn
1952,xho
1953,nbl
1954,nso
1955,ssw
1956,nbl
1957,zul
1958,xho
1959,afr
1960,afr
1961,tsn
1962,nso
1963,sot
1964,tsn
1965,eng
1966,nso
1967,ssw
1968,ssw
1969,eng
1970,tso
1971,ssw
1972,eng
1973,ssw
1974,nso
1975,eng
1976,eng
1977,zul
1978,ven
1979,xho
1980,zul
1981,sot
1982,ssw
1983,eng
1984,nbl
1985,zul
1986,ven
1987,sot
1988,ven
1989,afr
1990,ven
1991,tso
1992,ssw
1993,ssw
1994,tso
1995,eng
1996,ven
1997,tsn
1998,sot
1999,eng
2000,nso
2001,xho
2002,ven
2003,ssw
2004,nso
2005,zul
2006,tso
2007,eng
2008,zul
2009,ven
2010,zul
2011,tsn
2012,afr
2013,zul
2014,xho
2015,zul
2016,ssw
2017,tso
2018,tsn
2019,afr
2020,nso
2021,tso
2022,nso
2023,sot
2024,afr
2025,eng
2026,xho
2027,nso
2028,afr
2029,nbl
2030,tsn
2031,sot
2032,xho
2033,zul
2034,nbl
2035,ven
2036,eng
2037,xho
2038,zul
2039,sot
2040,zul
2041,tso
2042,zul
2043,tsn
2044,xho
2045,eng
2046,eng
2047,tso
2048,tso
2049,ssw
2050,zul
2051,nso
2052,nso
2053,ven
2054,zul
2055,tso
2056,nso
2057,nbl
2058,tsn
2059,eng
2060,nbl
2061,tsn
2062,sot
2063,zul
2064,zul
2065,ssw
2066,zul
2067,tsn
2068,ven
2069,nbl
2070,ven
2071,zul
2072,xho
2073,tso
2074,sot
2075,nso
2076,eng
2077,sot
2078,zul
2079,nbl
2080,ven
2081,afr
2082,eng
2083,ven
2084,xho
2085,nbl
2086,ssw
2087,nso
2088,ven
2089,ven
2090,nso
2091,nbl
2092,tso
2093,zul
2094,ven
2095,tsn
2096,zul
2097,nbl
2098,tsn
2099,ssw
2100,ven
2101,tso
2102,ven
2103,ssw
2104,afr
2105,sot
2106,sot
2107,nso
2108,sot
2109,ssw
2110,ven
2111,ssw
2112,nso
2113,zul
2114,sot
2115,xho
2116,ven
2117,eng
2118,nso
2119,nbl
2120,ssw
2121,ven
2122,xho
2123,zul
2124,sot
2125,sot
2126,tso
2127,nbl
2128,nbl
2129,eng
2130,afr
2131,tsn
2132,tsn
2133,tsn
2134,tsn
2135,afr
2136,nbl
2137,ven
2138,afr
2139,ven
2140,nbl
2141,nso
2142,ven
2143,sot
2144,nbl
2145,tsn
2146,sot
2147,afr
2148,tso
2149,eng
2150,nbl
2151,ven
2152,ven
2153,afr
2154,tsn
2155,ssw
2156,eng
2157,tso
2158,xho
2159,ven
2160,tsn
2161,eng
2162,eng
2163,tso
2164,tso
2165,ssw
2166,ven
2167,eng
2168,afr
2169,afr
2170,ven
2171,nbl
2172,nso
2173,tso
2174,sot
2175,nbl
2176,xho
2177,sot
2178,ssw
2179,ven
2180,ven
2181,nso
2182,eng
2183,nbl
2184,ven
2185,nbl
2186,nso
2187,nbl
2188,zul
2189,ven
2190,xho
2191,nbl
2192,zul
2193,tsn
2194,zul
2195,xho
2196,zul
2197,eng
2198,ssw
2199,eng
2200,nso
2201,xho
2202,eng
2203,ssw
2204,nso
2205,nbl
2206,ssw
2207,zul
2208,xho
2209,tsn
2210,ven
2211,ssw
2212,afr
2213,sot
2214,sot
2215,eng
2216,xho
2217,afr
2218,zul
2219,eng
2220,eng
2221,nso
2222,afr
2223,zul
2224,nbl
2225,tsn
2226,afr
2227,xho
2228,tso
2229,eng
2230,xho
2231,ven
2232,afr
2233,tso
2234,tso
2235,nbl
2236,nso
2237,sot
2238,tsn
2239,afr
2240,nbl
2241,eng
2242,ven
2243,nbl
2244,tso
2245,xho
2246,afr
2247,tsn
2248,ven
2249,tsn
2250,ven
2251,tso
2252,ssw
2253,ven
2254,nbl
2255,eng
2256,ssw
2257,tso
2258,afr
2259,sot
2260,zul
2261,ven
2262,ssw
2263,ven
2264,ven
2265,eng
2266,eng
2267,afr
2268,zul
2269,tso
2270,zul
2271,sot
2272,nbl
2273,afr
2274,eng
2275,afr
2276,ssw
2277,afr
2278,nso
2279,tso
2280,sot
2281,afr
2282,sot
2283,zul
2284,afr
2285,nbl
2286,ven
2287,eng
2288,afr
2289,nbl
2290,eng
2291,ssw
2292,ven
2293,xho
2294,tsn
2295,sot
2296,tso
2297,ven
2298,sot
2299,xho
2300,afr
2301,xho
2302,nso
2303,sot
2304,eng
2305,tso
2306,nbl
2307,afr
2308,tsn
2309,nbl
2310,ssw
2311,nbl
2312,xho
2313,eng
2314,xho
2315,xho
2316,nbl
2317,sot
2318,sot
2319,ven
2320,sot
2321,nso
2322,zul
2323,ssw
2324,tso
2325,ssw
2326,zul
2327,xho
2328,tso
2329,sot
2330,sot
2331,sot
2332,nbl
2333,ssw
2334,ven
2335,afr
2336,tsn
2337,tsn
2338,tsn
2339,tso
2340,tsn
2341,ssw
2342,eng
2343,afr
2344,zul
2345,sot
2346,nbl
2347,eng
2348,afr
2349,tso
2350,nso
2351,sot
2352,nso
2353,ven
2354,afr
2355,tso
2356,eng
2357,zul
2358,zul
2359,afr
2360,afr
2361,ven
2362,tso
2363,zul
2364,tso
2365,ven
2366,afr
2367,tsn
2368,afr
2369,ssw
2370,sot
2371,tsn
2372,tso
2373,ven
2374,ven
2375,zul
2376,eng
2377,xho
2378,nbl
2379,afr
2380,ssw
2381,zul
2382,xho
2383,tsn
2384,nbl
2385,tsn
2386,tso
2387,ven
2388,tso
2389,eng
2390,afr
2391,zul
2392,xho
2393,ssw
2394,eng
2395,nso
2396,tso
2397,nbl
2398,afr
2399,ssw
2400,tso
2401,sot
2402,tsn
2403,sot
2404,afr
2405,tso
2406,afr
2407,eng
2408,zul
2409,zul
2410,nbl
2411,tsn
2412,tsn
2413,ssw
2414,xho
2415,ven
2416,tso
2417,tsn
2418,ssw
2419,xho
2420,eng
2421,nso
2422,afr
2423,tsn
2424,tso
2425,sot
2426,afr
2427,xho
2428,zul
2429,zul
2430,afr
2431,eng
2432,tsn
2433,sot
2434,afr
2435,tsn
2436,tsn
2437,ssw
2438,nbl
2439,tso
2440,tsn
2441,nso
2442,xho
2443,tso
2444,afr
2445,xho
2446,afr
2447,ven
2448,eng
2449,xho
2450,xho
2451,ven
2452,sot
2453,ssw
2454,zul
2455,ssw
2456,zul
2457,tsn
2458,ssw
2459,ssw
2460,zul
2461,sot
2462,tsn
2463,nbl
2464,nbl
2465,sot
2466,tso
2467,nso
2468,afr
2469,sot
2470,afr
2471,xho
2472,sot
2473,nbl
2474,eng
2475,nso
2476,ssw
2477,sot
2478,eng
2479,tsn
2480,xho
2481,xho
2482,nbl
2483,afr
2484,tsn
2485,ven
2486,xho
2487,sot
2488,tsn
2489,ssw
2490,eng
2491,nbl
2492,tso
2493,xho
2494,ven
2495,ven
2496,sot
2497,xho
2498,xho
2499,eng
2500,tsn
2501,nso
2502,nso
2503,nbl
2504,tso
2505,tsn
2506,zul
2507,xho
2508,nbl
2509,ven
2510,ven
2511,ssw
2512,zul
2513,sot
2514,nbl
2515,nbl
2516,nbl
2517,afr
2518,xho
2519,xho
2520,zul
2521,tso
2522,nso
2523,eng
2524,tsn
2525,zul
2526,nso
2527,tsn
2528,afr
2529,tso
2530,tsn
2531,tso
2532,nbl
2533,zul
2534,ssw
2535,tsn
2536,sot
2537,nbl
2538,eng
2539,sot
2540,tsn
2541,ven
2542,eng
2543,zul
2544,ssw
2545,eng
2546,nso
2547,ven
2548,tsn
2549,tsn
2550,nso
2551,afr
2552,xho
2553,eng
2554,nso
2555,nbl
2556,sot
2557,ven
2558,xho
2559,zul
2560,sot
2561,nbl
2562,afr
2563,eng
2564,afr
2565,ssw
2566,nbl
2567,nso
2568,afr
2569,ven
2570,tso
2571,eng
2572,afr
2573,nso
2574,tsn
2575,tsn
2576,afr
2577,nbl
2578,ven
2579,zul
2580,zul
2581,zul
2582,sot
2583,zul
2584,zul
2585,eng
2586,afr
2587,tsn
2588,ssw
2589,afr
2590,zul
2591,nbl
2592,nbl
2593,ssw
2594,zul
2595,tsn
2596,ven
2597,xho
2598,ssw
2599,eng
2600,eng
2601,ssw
2602,tso
2603,nso
2604,eng
2605,sot
2606,ssw
2607,zul
2608,sot
2609,ven
2610,tsn
2611,ven
2612,tso
2613,eng
2614,tsn
2615,sot
2616,nso
2617,zul
2618,tsn
2619,ssw
2620,nso
2621,zul
2622,eng
2623,xho
2624,sot
2625,nso
2626,nbl
2627,eng
2628,nbl
2629,eng
2630,nso
2631,nbl
2632,eng
2633,zul
2634,sot
2635,afr
2636,tsn
2637,ssw
2638,zul
2639,tsn
2640,nbl
2641,eng
2642,sot
2643,zul
2644,sot
2645,xho
2646,nso
2647,eng
2648,afr
2649,tsn
2650,nso
2651,ssw
2652,eng
2653,ssw
2654,eng
2655,xho
2656,tso
2657,ven
2658,sot
2659,zul
2660,nso
2661,afr
2662,ven
2663,sot
2664,nso
2665,ssw
2666,ven
2667,afr
2668,ssw
2669,nso
2670,ven
2671,xho
2672,nso
2673,sot
2674,afr
2675,nso
2676,nso
2677,afr
2678,afr
2679,sot
2680,tso
2681,zul
2682,xho
2683,ven
2684,nso
2685,nso
2686,sot
2687,zul
2688,nso
2689,ssw
2690,sot
2691,tso
2692,xho
2693,ven
2694,zul
2695,ssw
2696,zul
2697,ven
2698,ssw
2699,nbl
2700,ssw
2701,tsn
2702,tsn
2703,ssw
2704,tsn
2705,tso
2706,nbl
2707,eng
2708,tsn
2709,nso
2710,eng
2711,tso
2712,nso
2713,ven
2714,tso
2715,tso
2716,ven
2717,ssw
2718,tso
2719,zul
2720,xho
2721,ven
2722,xho
2723,nso
2724,zul
2725,afr
2726,tso
2727,zul
2728,tso
2729,tsn
2730,tso
2731,tsn
2732,nbl
2733,afr
2734,sot
2735,tso
2736,sot
2737,ssw
2738,tso
2739,tso
2740,tso
2741,ven
2742,ven
2743,zul
2744,eng
2745,tsn
2746,tso
2747,ssw
2748,nso
2749,nso
2750,tso
2751,zul
2752,sot
2753,eng
2754,ven
2755,afr
2756,eng
2757,nso
2758,nso
2759,ssw
2760,ssw
2761,xho
2762,nbl
2763,xho
2764,nbl
2765,nbl
2766,eng
2767,ven
2768,ven
2769,tso
2770,eng
2771,tso
2772,nbl
2773,xho
2774,ssw
2775,tsn
2776,zul
2777,xho
2778,eng
2779,tsn
2780,tso
2781,nbl
2782,tso
2783,zul
2784,nbl
2785,ven
2786,xho
2787,sot
2788,ssw
2789,tsn
2790,tso
2791,zul
2792,tsn
2793,ssw
2794,tso
2795,eng
2796,nbl
2797,zul
2798,afr
2799,nso
2800,eng
2801,tso
2802,afr
2803,tsn
2804,ssw
2805,eng
2806,eng
2807,tso
2808,xho
2809,tsn
2810,zul
2811,ven
2812,nbl
2813,xho
2814,xho
2815,nso
2816,tsn
2817,xho
2818,tsn
2819,tso
2820,nbl
2821,zul
2822,nso
2823,ven
2824,nso
2825,tsn
2826,xho
2827,ssw
2828,eng
2829,tso
2830,eng
2831,tso
2832,ven
2833,nbl
2834,eng
2835,nso
2836,xho
2837,ssw
2838,nso
2839,tso
2840,zul
2841,nso
2842,afr
2843,xho
2844,tsn
2845,zul
2846,nso
2847,nbl
2848,sot
2849,eng
2850,nbl
2851,nbl
2852,zul
2853,ven
2854,zul
2855,zul
2856,nbl
2857,eng
2858,ssw
2859,nso
2860,xho
2861,afr
2862,tsn
2863,nso
2864,nso
2865,zul
2866,sot
2867,tsn
2868,sot
2869,ven
2870,tsn
2871,nbl
2872,nbl
2873,afr
2874,ssw
2875,nbl
2876,nso
2877,afr
2878,zul
2879,tsn
2880,tsn
2881,nso
2882,nso
2883,tso
2884,nso
2885,ssw
2886,afr
2887,tso
2888,tso
2889,afr
2890,tso
2891,ven
2892,afr
2893,afr
2894,ven
2895,ssw
2896,eng
2897,xho
2898,xho
2899,tso
2900,zul
2901,afr
2902,nbl
2903,zul
2904,tsn
2905,tso
2906,sot
2907,sot
2908,ven
2909,xho
2910,afr
2911,ven
2912,afr
2913,ven
2914,nso
2915,zul
2916,ssw
2917,ven
2918,tso
2919,tsn
2920,afr
2921,xho
2922,nbl
2923,nso
2924,tso
2925,zul
2926,afr
2927,nbl
2928,afr
2929,xho
2930,nbl
2931,sot
2932,tsn
2933,zul
2934,tso
2935,tso
2936,ssw
2937,zul
2938,ven
2939,eng
2940,eng
2941,ssw
2942,xho
2943,ven
2944,tso
2945,ven
2946,tsn
2947,eng
2948,ssw
2949,tsn
2950,ven
2951,ssw
2952,tsn
2953,ssw
2954,nbl
2955,zul
2956,sot
2957,nso
2958,nbl
2959,eng
2960,sot
2961,tso
2962,xho
2963,ven
2964,afr
2965,nso
2966,xho
2967,eng
2968,afr
2969,tsn
2970,eng
2971,xho
2972,nso
2973,sot
2974,nso
2975,afr
2976,xho
2977,nbl
2978,eng
2979,nbl
2980,ven
2981,nbl
2982,ssw
2983,sot
2984,xho
2985,ssw
2986,tsn
2987,nbl
2988,zul
2989,tso
2990,tsn
2991,afr
2992,sot
2993,afr
2994,ssw
2995,sot
2996,sot
2997,zul
2998,zul
2999,zul
3000,nso
3001,nbl
3002,zul
3003,xho
3004,ssw
3005,zul
3006,nbl
3007,afr
3008,afr
3009,tso
3010,eng
3011,ssw
3012,afr
3013,ssw
3014,xho
3015,ssw
3016,eng
3017,nbl
3018,nso
3019,ssw
3020,nbl
3021,nbl
3022,tsn
3023,xho
3024,eng
3025,tsn
3026,xho
3027,ssw
3028,nso
3029,tsn
3030,tsn
3031,tsn
3032,ssw
3033,xho
3034,ssw
3035,tso
3036,xho
3037,xho
3038,eng
3039,tsn
3040,zul
3041,sot
3042,sot
3043,tso
3044,nbl
3045,ssw
3046,eng
3047,ven
3048,nso
3049,tso
3050,eng
3051,tsn
3052,ven
3053,ven
3054,nbl
3055,tsn
3056,ssw
3057,xho
3058,xho
3059,afr
3060,nbl
3061,tsn
3062,eng
3063,zul
3064,tso
3065,nbl
3066,sot
3067,ven
3068,ssw
3069,zul
3070,xho
3071,afr
3072,nbl
3073,eng
3074,sot
3075,ssw
3076,ven
3077,tsn
3078,tso
3079,ssw
3080,zul
3081,ven
3082,afr
3083,tsn
3084,nbl
3085,tso
3086,eng
3087,xho
3088,sot
3089,eng
3090,ssw
3091,eng
3092,tsn
3093,tsn
3094,tsn
3095,ven
3096,tsn
3097,xho
3098,zul
3099,tsn
3100,ssw
3101,ssw
3102,ssw
3103,zul
3104,tso
3105,zul
3106,nso
3107,tsn
3108,tsn
3109,zul
3110,nso
3111,zul
3112,nbl
3113,tso
3114,tso
3115,nbl
3116,tsn
3117,nbl
3118,xho
3119,nbl
3120,nso
3121,sot
3122,ven
3123,eng
3124,tso
3125,afr
3126,nbl
3127,tso
3128,xho
3129,zul
3130,ssw
3131,sot
3132,tso
3133,nso
3134,afr
3135,ven
3136,sot
3137,ven
3138,eng
3139,tso
3140,eng
3141,sot
3142,nso
3143,tsn
3144,ven
3145,nso
3146,afr
3147,tso
3148,ssw
3149,ven
3150,xho
3151,ssw
3152,ssw
3153,tso
3154,sot
3155,ven
3156,nso
3157,tsn
3158,ven
3159,nso
3160,ven
3161,xho
3162,nbl
3163,ven
3164,tso
3165,zul
3166,afr
3167,tso
3168,nbl
3169,ven
3170,tsn
3171,tsn
3172,afr
3173,zul
3174,ven
3175,ven
3176,ven
3177,sot
3178,nso
3179,ssw
3180,eng
3181,ssw
3182,eng
3183,nso
3184,tso
3185,tsn
3186,xho
3187,nso
3188,ven
3189,nbl
3190,sot
3191,afr
3192,ssw
3193,ven
3194,afr
3195,afr
3196,nso
3197,xho
3198,nbl
3199,afr
3200,ssw
3201,xho
3202,eng
3203,eng
3204,tsn
3205,tso
3206,afr
3207,afr
3208,afr
3209,nbl
3210,ven
3211,afr
3212,tso
3213,zul
3214,tso
3215,tsn
3216,xho
3217,afr
3218,tsn
3219,nbl
3220,eng
3221,ven
3222,nso
3223,nso
3224,tso
3225,sot
3226,ven
3227,ssw
3228,zul
3229,eng
3230,zul
3231,sot
3232,nbl
3233,nbl
3234,ven
3235,tso
3236,afr
3237,afr
3238,afr
3239,ven
3240,tsn
3241,tsn
3242,afr
3243,eng
3244,sot
3245,nso
3246,afr
3247,zul
3248,tso
3249,sot
3250,afr
3251,tsn
3252,eng
3253,zul
3254,zul
3255,zul
3256,xho
3257,nbl
3258,xho
3259,tso
3260,tsn
3261,afr
3262,tsn
3263,ven
3264,afr
3265,nbl
3266,eng
3267,nbl
3268,afr
3269,xho
3270,ssw
3271,nbl
3272,sot
3273,tsn
3274,nso
3275,ssw
3276,nso
3277,ven
3278,afr
3279,afr
3280,afr
3281,tso
3282,ssw
3283,tsn
3284,eng
3285,afr
3286,tso
3287,tso
3288,nso
3289,sot
3290,ven
3291,ssw
3292,eng
3293,zul
3294,xho
3295,nso
3296,tsn
3297,eng
3298,sot
3299,sot
3300,nso
3301,sot
3302,eng
3303,nso
3304,ssw
3305,eng
3306,ven
3307,afr
3308,nso
3309,sot
3310,ssw
3311,nbl
3312,nbl
3313,tsn
3314,nso
3315,ssw
3316,xho
3317,nbl
3318,ven
3319,eng
3320,eng
3321,nso
3322,ven
3323,xho
3324,ssw
3325,nso
3326,tsn
3327,nbl
3328,eng
3329,tsn
3330,tsn
3331,tso
3332,ven
3333,xho
3334,tso
3335,zul
3336,tso
3337,nbl
3338,ssw
3339,tsn
3340,xho
3341,tso
3342,tso
3343,nso
3344,eng
3345,xho
3346,tso
3347,sot
3348,nso
3349,xho
3350,xho
3351,eng
3352,ven
3353,ven
3354,sot
3355,ssw
3356,afr
3357,nso
3358,tso
3359,ssw
3360,tso
3361,xho
3362,zul
3363,tso
3364,zul
3365,tsn
3366,ssw
3367,zul
3368,eng
3369,afr
3370,ssw
3371,ven
3372,zul
3373,afr
3374,afr
3375,eng
3376,nso
3377,afr
3378,eng
3379,tsn
3380,tso
3381,tso
3382,tsn
3383,ven
3384,ssw
3385,eng
3386,ven
3387,nbl
3388,eng
3389,ven
3390,tsn
3391,nso
3392,ven
3393,sot
3394,eng
3395,tsn
3396,tsn
3397,tso
3398,nso
3399,sot
3400,zul
3401,xho
3402,nso
3403,zul
3404,xho
3405,tsn
3406,ven
3407,xho
3408,nso
3409,eng
3410,eng
3411,xho
3412,nbl
3413,sot
3414,nbl
3415,ven
3416,zul
3417,xho
3418,tsn
3419,afr
3420,nbl
3421,afr
3422,tsn
3423,afr
3424,afr
3425,sot
3426,ven
3427,tsn
3428,nso
3429,ssw
3430,afr
3431,nso
3432,xho
3433,nbl
3434,nso
3435,afr
3436,zul
3437,tso
3438,tsn
3439,afr
3440,afr
3441,nbl
3442,tsn
3443,xho
3444,sot
3445,tso
3446,nso
3447,eng
3448,tso
3449,zul
3450,nbl
3451,nso
3452,afr
3453,tso
3454,nso
3455,xho
3456,tso
3457,tso
3458,sot
3459,sot
3460,nso
3461,sot
3462,sot
3463,nbl
3464,tsn
3465,afr
3466,tsn
3467,zul
3468,tsn
3469,eng
3470,ven
3471,eng
3472,nso
3473,zul
3474,ven
3475,ven
3476,tsn
3477,xho
3478,nso
3479,nbl
3480,tso
3481,nso
3482,nbl
3483,xho
3484,sot
3485,zul
3486,ven
3487,nso
3488,ssw
3489,nbl
3490,ven
3491,sot
3492,sot
3493,sot
3494,ssw
3495,xho
3496,nso
3497,tso
3498,ven
3499,tsn
3500,tso
3501,afr
3502,ven
3503,nbl
3504,nso
3505,sot
3506,xho
3507,zul
3508,afr
3509,afr
3510,eng
3511,tso
3512,tsn
3513,eng
3514,sot
3515,xho
3516,nso
3517,xho
3518,tso
3519,tso
3520,tsn
3521,nbl
3522,tso
3523,xho
3524,zul
3525,sot
3526,nso
3527,nbl
3528,tsn
3529,nbl
3530,tso
3531,sot
3532,sot
3533,ven
3534,sot
3535,xho
3536,eng
3537,ssw
3538,zul
3539,tsn
3540,xho
3541,tsn
3542,zul
3543,tsn
3544,tso
3545,nso
3546,ven
3547,ssw
3548,sot
3549,sot
3550,ssw
3551,tso
3552,eng
3553,zul
3554,afr
3555,nso
3556,nso
3557,eng
3558,nso
3559,ven
3560,ven
3561,ven
3562,ven
3563,tso
3564,sot
3565,tsn
3566,tsn
3567,eng
3568,tso
3569,zul
3570,eng
3571,sot
3572,eng
3573,afr
3574,eng
3575,nbl
3576,eng
3577,eng
3578,ssw
3579,ven
3580,tsn
3581,sot
3582,afr
3583,tso
3584,afr
3585,sot
3586,tsn
3587,nbl
3588,sot
3589,eng
3590,ssw
3591,ssw
3592,tsn
3593,nbl
3594,tsn
3595,ven
3596,zul
3597,xho
3598,ven
3599,tso
3600,afr
3601,zul
3602,xho
3603,tso
3604,xho
3605,ssw
3606,ven
3607,ssw
3608,tso
3609,tso
3610,ssw
3611,ven
3612,afr
3613,eng
3614,eng
3615,ssw
3616,tso
3617,nso
3618,nbl
3619,xho
3620,nso
3621,xho
3622,tsn
3623,xho
3624,nbl
3625,zul
3626,nbl
3627,nbl
3628,ssw
3629,zul
3630,tsn
3631,afr
3632,ssw
3633,nbl
3634,nbl
3635,sot
3636,nbl
3637,eng
3638,tsn
3639,ssw
3640,nso
3641,zul
3642,nso
3643,ven
3644,zul
3645,zul
3646,afr
3647,eng
3648,sot
3649,xho
3650,afr
3651,tso
3652,xho
3653,tsn
3654,ven
3655,ven
3656,nso
3657,ven
3658,xho
3659,tsn
3660,afr
3661,ven
3662,eng
3663,zul
3664,ssw
3665,tsn
3666,sot
3667,nso
3668,zul
3669,xho
3670,tsn
3671,nbl
3672,eng
3673,ven
3674,afr
3675,ven
3676,xho
3677,xho
3678,nbl
3679,zul
3680,nbl
3681,zul
3682,xho
3683,nso
3684,afr
3685,tsn
3686,zul
3687,xho
3688,tsn
3689,tso
3690,afr
3691,nbl
3692,xho
3693,eng
3694,ven
3695,nbl
3696,zul
3697,nso
3698,xho
3699,nso
3700,nso
3701,ven
3702,nso
3703,tso
3704,afr
3705,zul
3706,ssw
3707,zul
3708,tso
3709,ssw
3710,ssw
3711,sot
3712,afr
3713,tsn
3714,tso
3715,afr
3716,tso
3717,eng
3718,ven
3719,nso
3720,nbl
3721,tsn
3722,ssw
3723,tsn
3724,eng
3725,nbl
3726,ssw
3727,nso
3728,nbl
3729,nbl
3730,tsn
3731,ven
3732,ssw
3733,eng
3734,tsn
3735,afr
3736,tsn
3737,ssw
3738,tso
3739,nbl
3740,nbl
3741,nbl
3742,zul
3743,zul
3744,tso
3745,afr
3746,afr
3747,ven
3748,nbl
3749,ssw
3750,tso
3751,tsn
3752,afr
3753,nso
3754,zul
3755,tso
3756,afr
3757,eng
3758,ssw
3759,tso
3760,afr
3761,xho
3762,tsn
3763,nso
3764,ssw
3765,eng
3766,eng
3767,tso
3768,tso
3769,zul
3770,ven
3771,ven
3772,xho
3773,ven
3774,nbl
3775,afr
3776,tso
3777,xho
3778,xho
3779,tsn
3780,xho
3781,xho
3782,eng
3783,tsn
3784,nso
3785,sot
3786,eng
3787,sot
3788,zul
3789,nso
3790,ssw
3791,eng
3792,tsn
3793,ssw
3794,nso
3795,afr
3796,xho
3797,ssw
3798,nso
3799,xho
3800,nbl
3801,zul
3802,tsn
3803,ven
3804,zul
3805,sot
3806,tso
3807,tsn
3808,nbl
3809,eng
3810,zul
3811,tsn
3812,nso
3813,ven
3814,afr
3815,ven
3816,sot
3817,zul
3818,eng
3819,tsn
3820,eng
3821,tso
3822,sot
3823,afr
3824,tsn
3825,nso
3826,afr
3827,nbl
3828,tso
3829,tsn
3830,tso
3831,afr
3832,xho
3833,afr
3834,tso
3835,tso
3836,xho
3837,nso
3838,eng
3839,nbl
3840,nbl
3841,ven
3842,sot
3843,ssw
3844,ssw
3845,afr
3846,zul
3847,ven
3848,nso
3849,eng
3850,ssw
3851,tsn
3852,tso
3853,nbl
3854,sot
3855,eng
3856,afr
3857,tso
3858,nso
3859,zul
3860,afr
3861,zul
3862,zul
3863,tso
3864,nso
3865,xho
3866,afr
3867,xho
3868,afr
3869,sot
3870,nbl
3871,nbl
3872,tso
3873,nbl
3874,nbl
3875,ven
3876,xho
3877,tso
3878,afr
3879,zul
3880,nbl
3881,eng
3882,afr
3883,afr
3884,ven
3885,ven
3886,tsn
3887,sot
3888,tsn
3889,sot
3890,nbl
3891,tso
3892,ssw
3893,nbl
3894,nso
3895,zul
3896,zul
3897,ssw
3898,nso
3899,eng
3900,tso
3901,afr
3902,tso
3903,nso
3904,tsn
3905,tso
3906,sot
3907,afr
3908,nbl
3909,nbl
3910,afr
3911,eng
3912,nbl
3913,tsn
3914,eng
3915,sot
3916,xho
3917,nso
3918,nbl
3919,eng
3920,ven
3921,xho
3922,zul
3923,xho
3924,tsn
3925,sot
3926,ssw
3927,ven
3928,xho
3929,sot
3930,xho
3931,zul
3932,ven
3933,tso
3934,nbl
3935,sot
3936,nbl
3937,zul
3938,eng
3939,sot
3940,zul
3941,eng
3942,nbl
3943,xho
3944,sot
3945,nso
3946,eng
3947,zul
3948,tsn
3949,ven
3950,tsn
3951,sot
3952,tsn
3953,eng
3954,nso
3955,zul
3956,ven
3957,zul
3958,xho
3959,nso
3960,sot
3961,xho
3962,ven
3963,zul
3964,afr
3965,tso
3966,zul
3967,afr
3968,sot
3969,tsn
3970,sot
3971,tso
3972,ssw
3973,zul
3974,nso
3975,ven
3976,afr
3977,xho
3978,tsn
3979,ven
3980,nbl
3981,ven
3982,ssw
3983,tsn
3984,zul
3985,sot
3986,tsn
3987,ssw
3988,afr
3989,tso
3990,tso
3991,sot
3992,tso
3993,afr
3994,xho
3995,nso
3996,ven
3997,sot
3998,nbl
3999,zul
4000,ssw
4001,sot
4002,zul
4003,tso
4004,sot
4005,tsn
4006,ven
4007,tsn
4008,ssw
4009,ssw
4010,tso
4011,ssw
4012,eng
4013,xho
4014,zul
4015,zul
4016,nso
4017,afr
4018,ven
4019,nso
4020,tso
4021,ssw
4022,ven
4023,sot
4024,tsn
4025,ssw
4026,afr
4027,ven
4028,tso
4029,eng
4030,ven
4031,afr
4032,ven
4033,zul
4034,ssw
4035,zul
4036,ven
4037,nso
4038,ssw
4039,sot
4040,nbl
4041,ssw
4042,tsn
4043,tsn
4044,nbl
4045,nso
4046,xho
4047,tsn
4048,zul
4049,eng
4050,zul
4051,zul
4052,tso
4053,tso
4054,tso
4055,ssw
4056,nso
4057,afr
4058,sot
4059,eng
4060,zul
4061,afr
4062,sot
4063,xho
4064,tso
4065,tso
4066,afr
4067,nso
4068,afr
4069,xho
4070,ssw
4071,eng
4072,tso
4073,sot
4074,tso
4075,sot
4076,afr
4077,tso
4078,zul
4079,eng
4080,xho
4081,tsn
4082,ven
4083,nbl
4084,xho
4085,afr
4086,zul
4087,nso
4088,ven
4089,ven
4090,tso
4091,ven
4092,ven
4093,afr
4094,eng
4095,nbl
4096,ssw
4097,tsn
4098,zul
4099,tsn
4100,tsn
4101,sot
4102,tso
4103,ssw
4104,xho
4105,ssw
4106,ssw
4107,ven
4108,afr
4109,sot
4110,afr
4111,eng
4112,ven
4113,nso
4114,ssw
4115,tsn
4116,sot
4117,ven
4118,ven
4119,tso
4120,ven
4121,nso
4122,nso
4123,tso
4124,tsn
4125,zul
4126,tsn
4127,ssw
4128,tsn
4129,zul
4130,nbl
4131,zul
4132,nso
4133,ssw
4134,zul
4135,afr
4136,nso
4137,tsn
4138,tsn
4139,afr
4140,ssw
4141,zul
4142,zul
4143,tsn
4144,sot
4145,afr
4146,eng
4147,eng
4148,afr
4149,nbl
4150,eng
4151,tso
4152,nbl
4153,tsn
4154,afr
4155,tsn
4156,sot
4157,xho
4158,sot
4159,sot
4160,nbl
4161,xho
4162,tso
4163,nso
4164,afr
4165,nbl
4166,xho
4167,nbl
4168,ven
4169,xho
4170,zul
4171,ven
4172,ssw
4173,eng
4174,zul
4175,nso
4176,tso
4177,tsn
4178,nso
4179,nbl
4180,nso
4181,xho
4182,afr
4183,eng
4184,nso
4185,tso
4186,tso
4187,zul
4188,nbl
4189,afr
4190,ssw
4191,eng
4192,sot
4193,afr
4194,nso
4195,afr
4196,afr
4197,xho
4198,nso
4199,eng
4200,nbl
4201,tso
4202,nbl
4203,xho
4204,eng
4205,nbl
4206,xho
4207,tsn
4208,eng
4209,nbl
4210,ven
4211,sot
4212,nso
4213,zul
4214,nso
4215,nso
4216,nbl
4217,tso
4218,ven
4219,nso
4220,tsn
4221,tso
4222,eng
4223,eng
4224,xho
4225,tso
4226,nso
4227,xho
4228,nbl
4229,sot
4230,tso
4231,eng
4232,nso
4233,zul
4234,ven
4235,sot
4236,sot
4237,nbl
4238,nbl
4239,zul
4240,xho
4241,afr
4242,tsn
4243,sot
4244,zul
4245,ven
4246,tso
4247,tsn
4248,sot
4249,tso
4250,ssw
4251,tsn
4252,eng
4253,tso
4254,ven
4255,ssw
4256,sot
4257,nbl
4258,eng
4259,sot
4260,xho
4261,ssw
4262,xho
4263,afr
4264,nso
4265,afr
4266,ssw
4267,nso
4268,eng
4269,afr
4270,sot
4271,ven
4272,nbl
4273,xho
4274,nso
4275,ven
4276,nso
4277,afr
4278,zul
4279,sot
4280,afr
4281,xho
4282,zul
4283,afr
4284,eng
4285,tsn
4286,sot
4287,tsn
4288,sot
4289,sot
4290,eng
4291,ssw
4292,nbl
4293,eng
4294,eng
4295,tsn
4296,sot
4297,nso
4298,sot
4299,zul
4300,sot
4301,tso
4302,tsn
4303,nso
4304,ven
4305,tsn
4306,tsn
4307,xho
4308,eng
4309,sot
4310,tso
4311,sot
4312,eng
4313,afr
4314,tso
4315,tso
4316,ven
4317,nbl
4318,afr
4319,xho
4320,nso
4321,tsn
4322,nso
4323,ssw
4324,nbl
4325,nso
4326,afr
4327,nbl
4328,ven
4329,eng
4330,eng
4331,nbl
4332,ssw
4333,nso
4334,afr
4335,sot
4336,nbl
4337,zul
4338,tso
4339,sot
4340,ssw
4341,nso
4342,tso
4343,ven
4344,nso
4345,ven
4346,afr
4347,zul
4348,nso
4349,sot
4350,tso
4351,ssw
4352,eng
4353,tsn
4354,zul
4355,nbl
4356,tso
4357,ssw
4358,afr
4359,nso
4360,sot
4361,eng
4362,tso
4363,afr
4364,zul
4365,zul
4366,xho
4367,nbl
4368,eng
4369,zul
4370,tsn
4371,tsn
4372,afr
4373,xho
4374,tsn
4375,ven
4376,zul
4377,sot
4378,ssw
4379,tso
4380,nbl
4381,nbl
4382,ssw
4383,zul
4384,zul
4385,tso
4386,tsn
4387,tso
4388,tso
4389,tso
4390,xho
4391,zul
4392,sot
4393,tsn
4394,xho
4395,ven
4396,nbl
4397,ven
4398,ssw
4399,tso
4400,ssw
4401,sot
4402,afr
4403,xho
4404,nbl
4405,sot
4406,afr
4407,xho
4408,zul
4409,xho
4410,tso
4411,tsn
4412,eng
4413,tsn
4414,tso
4415,ven
4416,sot
4417,nbl
4418,zul
4419,tso
4420,zul
4421,eng
4422,nso
4423,nbl
4424,sot
4425,tso
4426,eng
4427,tsn
4428,eng
4429,afr
4430,tsn
4431,xho
4432,nbl
4433,tsn
4434,afr
4435,sot
4436,tsn
4437,nbl
4438,afr
4439,tso
4440,eng
4441,nso
4442,afr
4443,eng
4444,ssw
4445,sot
4446,xho
4447,nso
4448,ven
4449,nbl
4450,ssw
4451,nso
4452,eng
4453,ssw
4454,sot
4455,zul
4456,zul
4457,ven
4458,ven
4459,tso
4460,sot
4461,tsn
4462,tsn
4463,xho
4464,xho
4465,afr
4466,xho
4467,tsn
4468,afr
4469,nso
4470,ven
4471,sot
4472,sot
4473,afr
4474,ven
4475,tso
4476,ven
4477,nso
4478,zul
4479,ven
4480,afr
4481,xho
4482,ssw
4483,xho
4484,xho
4485,nso
4486,xho
4487,zul
4488,nbl
4489,ven
4490,eng
4491,ssw
4492,ven
4493,nso
4494,ssw
4495,xho
4496,afr
4497,eng
4498,tsn
4499,afr
4500,xho
4501,sot
4502,sot
4503,xho
4504,xho
4505,tso
4506,tso
4507,eng
4508,zul
4509,xho
4510,nbl
4511,tsn
4512,eng
4513,ssw
4514,zul
4515,afr
4516,eng
4517,tsn
4518,afr
4519,nso
4520,nbl
4521,nso
4522,zul
4523,xho
4524,afr
4525,eng
4526,tso
4527,tso
4528,zul
4529,tsn
4530,eng
4531,ssw
4532,tsn
4533,afr
4534,afr
4535,tsn
4536,afr
4537,nso
4538,tsn
4539,ven
4540,ssw
4541,xho
4542,ven
4543,afr
4544,sot
4545,nso
4546,xho
4547,afr
4548,nbl
4549,ven
4550,ssw
4551,sot
4552,tso
4553,afr
4554,ssw
4555,xho
4556,xho
4557,afr
4558,eng
4559,ven
4560,afr
4561,tso
4562,zul
4563,afr
4564,tso
4565,eng
4566,ssw
4567,afr
4568,sot
4569,nso
4570,tso
4571,sot
4572,ssw
4573,tso
4574,ven
4575,tsn
4576,nbl
4577,ven
4578,ven
4579,ssw
4580,eng
4581,tso
4582,zul
4583,ven
4584,eng
4585,afr
4586,sot
4587,nbl
4588,tso
4589,ssw
4590,afr
4591,ssw
4592,zul
4593,nso
4594,eng
4595,afr
4596,ssw
4597,nso
4598,afr
4599,sot
4600,ssw
4601,sot
4602,eng
4603,nso
4604,afr
4605,xho
4606,nso
4607,sot
4608,tso
4609,tso
4610,tso
4611,xho
4612,tso
4613,tsn
4614,nbl
4615,zul
4616,tso
4617,nbl
4618,nbl
4619,nso
4620,ssw
4621,nso
4622,eng
4623,tso
4624,afr
4625,afr
4626,nbl
4627,zul
4628,ven
4629,tsn
4630,ven
4631,ssw
4632,tso
4633,ssw
4634,nso
4635,zul
4636,tso
4637,zul
4638,ven
4639,ssw
4640,tso
4641,afr
4642,tsn
4643,nbl
4644,ssw
4645,tso
4646,xho
4647,nso
4648,sot
4649,nbl
4650,zul
4651,eng
4652,eng
4653,tsn
4654,eng
4655,nso
4656,afr
4657,ven
4658,nso
4659,zul
4660,sot
4661,nso
4662,sot
4663,eng
4664,nbl
4665,ven
4666,afr
4667,sot
4668,afr
4669,zul
4670,nso
4671,ven
4672,sot
4673,sot
4674,ssw
4675,nso
4676,ven
4677,ven
4678,nbl
4679,nbl
4680,afr
4681,eng
4682,eng
4683,xho
4684,sot
4685,xho
4686,nbl
4687,sot
4688,ven
4689,nso
4690,ven
4691,nso
4692,zul
4693,zul
4694,eng
4695,nbl
4696,ven
4697,ssw
4698,ssw
4699,tsn
4700,sot
4701,zul
4702,xho
4703,zul
4704,ssw
4705,ven
4706,eng
4707,nso
4708,tso
4709,zul
4710,nso
4711,zul
4712,nso
4713,xho
4714,afr
4715,nso
4716,sot
4717,ssw
4718,ven
4719,nso
4720,eng
4721,tsn
4722,ssw
4723,nso
4724,xho
4725,nbl
4726,nbl
4727,tso
4728,afr
4729,xho
4730,afr
4731,ssw
4732,nso
4733,xho
4734,eng
4735,ssw
4736,nbl
4737,ven
4738,sot
4739,tso
4740,sot
4741,zul
4742,ven
4743,ssw
4744,nbl
4745,zul
4746,sot
4747,zul
4748,nso
4749,tsn
4750,afr
4751,ssw
4752,nbl
4753,afr
4754,sot
4755,ssw
4756,nbl
4757,tso
4758,ven
4759,eng
4760,sot
4761,nso
4762,xho
4763,ssw
4764,tso
4765,nbl
4766,zul
4767,nbl
4768,tsn
4769,nso
4770,sot
4771,tsn
4772,eng
4773,tsn
4774,ven
4775,sot
4776,eng
4777,zul
4778,zul
4779,ssw
4780,sot
4781,zul
4782,sot
4783,nso
4784,ssw
4785,nso
4786,eng
4787,nbl
4788,afr
4789,zul
4790,ven
4791,nso
4792,xho
4793,sot
4794,zul
4795,sot
4796,xho
4797,nso
4798,xho
4799,eng
4800,afr
4801,sot
4802,sot
4803,ven
4804,zul
4805,ssw
4806,sot
4807,sot
4808,sot
4809,nso
4810,tso
4811,sot
4812,ssw
4813,nso
4814,eng
4815,ven
4816,nso
4817,tsn
4818,ssw
4819,sot
4820,zul
4821,nbl
4822,ven
4823,ven
4824,tso
4825,tsn
4826,tsn
4827,afr
4828,eng
4829,ssw
4830,zul
4831,tsn
4832,nso
4833,afr
4834,ssw
4835,ven
4836,xho
4837,sot
4838,xho
4839,xho
4840,ven
4841,zul
4842,xho
4843,ssw
4844,ssw
4845,sot
4846,sot
4847,nbl
4848,ven
4849,ven
4850,afr
4851,zul
4852,nbl
4853,afr
4854,ssw
4855,xho
4856,xho
4857,tso
4858,tsn
4859,afr
4860,tsn
4861,afr
4862,eng
4863,afr
4864,tso
4865,nso
4866,tsn
4867,xho
4868,zul
4869,zul
4870,nbl
4871,ssw
4872,sot
4873,sot
4874,afr
4875,ven
4876,ssw
4877,eng
4878,xho
4879,sot
4880,eng
4881,afr
4882,ven
4883,nso
4884,xho
4885,eng
4886,ssw
4887,tsn
4888,eng
4889,sot
4890,nso
4891,ven
4892,afr
4893,eng
4894,zul
4895,tsn
4896,ven
4897,afr
4898,xho
4899,tsn
4900,sot
4901,nso
4902,eng
4903,tsn
4904,ssw
4905,sot
4906,ssw
4907,ssw
4908,zul
4909,nbl
4910,xho
4911,ven
4912,sot
4913,ven
4914,tsn
4915,tsn
4916,afr
4917,tsn
4918,nso
4919,ven
4920,tsn
4921,ssw
4922,sot
4923,sot
4924,tsn
4925,nbl
4926,nso
4927,tso
4928,ssw
4929,afr
4930,xho
4931,nso
4932,sot
4933,xho
4934,ven
4935,afr
4936,eng
4937,tsn
4938,tsn
4939,nbl
4940,xho
4941,ven
4942,eng
4943,zul
4944,nso
4945,tso
4946,tso
4947,nbl
4948,tso
4949,ven
4950,tsn
4951,afr
4952,eng
4953,xho
4954,xho
4955,ven
4956,afr
4957,nso
4958,ssw
4959,ssw
4960,sot
4961,afr
4962,ssw
4963,zul
4964,eng
4965,zul
4966,zul
4967,tso
4968,ssw
4969,xho
4970,tso
4971,nso
4972,ssw
4973,nbl
4974,afr
4975,eng
4976,tso
4977,zul
4978,tso
4979,sot
4980,afr
4981,zul
4982,nbl
4983,xho
4984,tso
4985,tsn
4986,eng
4987,ven
4988,ven
4989,ssw
4990,tsn
4991,ssw
4992,nbl
4993,xho
4994,sot
4995,ssw
4996,nso
4997,ssw
4998,tsn
4999,zul
5000,zul
5001,eng
5002,nbl
5003,eng
5004,ven
5005,xho
5006,tsn
5007,nso
5008,ven
5009,nso
5010,ssw
5011,afr
5012,nbl
5013,xho
5014,eng
5015,nbl
5016,nso
5017,eng
5018,tsn
5019,nbl
5020,nso
5021,ven
5022,tso
5023,nbl
5024,nbl
5025,xho
5026,tso
5027,xho
5028,zul
5029,xho
5030,ssw
5031,nso
5032,ssw
5033,sot
5034,nso
5035,zul
5036,zul
5037,nso
5038,eng
5039,afr
5040,zul
5041,ssw
5042,ssw
5043,zul
5044,ven
5045,sot
5046,eng
5047,nso
5048,ssw
5049,tso
5050,ven
5051,nso
5052,tso
5053,sot
5054,nbl
5055,zul
5056,ssw
5057,xho
5058,tsn
5059,tso
5060,ssw
5061,nbl
5062,ven
5063,xho
5064,zul
5065,sot
5066,nso
5067,afr
5068,zul
5069,nso
5070,ven
5071,tsn
5072,afr
5073,nbl
5074,sot
5075,nbl
5076,ven
5077,tsn
5078,eng
5079,eng
5080,afr
5081,sot
5082,sot
5083,tso
5084,nso
5085,ven
5086,sot
5087,ven
5088,eng
5089,ssw
5090,ssw
5091,tsn
5092,tso
5093,zul
5094,sot
5095,ven
5096,nso
5097,afr
5098,eng
5099,eng
5100,ven
5101,eng
5102,sot
5103,tso
5104,tso
5105,afr
5106,eng
5107,nso
5108,nso
5109,ven
5110,ssw
5111,nso
5112,eng
5113,nso
5114,nso
5115,eng
5116,sot
5117,tso
5118,xho
5119,afr
5120,tsn
5121,ven
5122,nbl
5123,zul
5124,zul
5125,nbl
5126,nbl
5127,tsn
5128,eng
5129,zul
5130,ven
5131,sot
5132,nso
5133,nso
5134,zul
5135,xho
5136,xho
5137,xho
5138,tsn
5139,xho
5140,sot
5141,sot
5142,nbl
5143,nbl
5144,tso
5145,zul
5146,ven
5147,tso
5148,nso
5149,afr
5150,tsn
5151,eng
5152,tso
5153,tsn
5154,xho
5155,tso
5156,xho
5157,ven
5158,zul
5159,tso
5160,xho
5161,nso
5162,ssw
5163,ven
5164,afr
5165,tsn
5166,nso
5167,ssw
5168,xho
5169,ssw
5170,sot
5171,tsn
5172,xho
5173,tsn
5174,ssw
5175,eng
5176,tso
5177,sot
5178,ven
5179,tso
5180,tsn
5181,xho
5182,zul
5183,tso
5184,eng
5185,xho
5186,eng
5187,ven
5188,tso
5189,nso
5190,xho
5191,ssw
5192,eng
5193,xho
5194,nbl
5195,tso
5196,tso
5197,sot
5198,afr
5199,nso
5200,afr
5201,eng
5202,nso
5203,nbl
5204,ven
5205,ssw
5206,sot
5207,sot
5208,eng
5209,sot
5210,ssw
5211,tsn
5212,zul
5213,xho
5214,xho
5215,zul
5216,ven
5217,tsn
5218,nbl
5219,afr
5220,xho
5221,nbl
5222,nso
5223,ven
5224,sot
5225,nso
5226,ssw
5227,tso
5228,sot
5229,sot
5230,xho
5231,ven
5232,xho
5233,nbl
5234,ssw
5235,ssw
5236,zul
5237,afr
5238,tsn
5239,eng
5240,nbl
5241,zul
5242,afr
5243,zul
5244,zul
5245,eng
5246,ven
5247,zul
5248,xho
5249,xho
5250,xho
5251,afr
5252,afr
5253,eng
5254,nbl
5255,ssw
5256,nbl
5257,tsn
5258,zul
5259,tsn
5260,sot
5261,tsn
5262,afr
5263,xho
5264,zul
5265,nbl
5266,ven
5267,eng
5268,sot
5269,xho
5270,tsn
5271,afr
5272,zul
5273,sot
5274,tsn
5275,nso
5276,ssw
5277,zul
5278,nbl
5279,afr
5280,nso
5281,zul
5282,zul
5283,afr
5284,nbl
5285,tso
5286,tsn
5287,ssw
5288,zul
5289,tsn
5290,sot
5291,ven
5292,tso
5293,tso
5294,eng
5295,zul
5296,sot
5297,ven
5298,ven
5299,xho
5300,nso
5301,eng
5302,nso
5303,ven
5304,tsn
5305,nbl
5306,tsn
5307,tsn
5308,nbl
5309,tso
5310,afr
5311,sot
5312,tsn
5313,tsn
5314,nbl
5315,nbl
5316,zul
5317,afr
5318,ssw
5319,zul
5320,afr
5321,tsn
5322,xho
5323,tso
5324,ven
5325,ssw
5326,tsn
5327,tso
5328,afr
5329,ssw
5330,tso
5331,tso
5332,xho
5333,xho
5334,tso
5335,tsn
5336,eng
5337,tso
5338,sot
5339,ssw
5340,nbl
5341,tsn
5342,afr
5343,zul
5344,nbl
5345,afr
5346,eng
5347,eng
5348,nbl
5349,sot
5350,nso
5351,ven
5352,sot
5353,afr
5354,xho
5355,ssw
5356,sot
5357,eng
5358,tsn
5359,sot
5360,zul
5361,nbl
5362,tsn
5363,ssw
5364,ssw
5365,sot
5366,tso
5367,nbl
5368,tso
5369,ssw
5370,tsn
5371,xho
5372,tso
5373,xho
5374,ven
5375,tso
5376,tsn
5377,tso
5378,eng
5379,zul
5380,nbl
5381,zul
5382,sot
5383,nbl
5384,ven
5385,ven
5386,xho
5387,ssw
5388,tso
5389,afr
5390,xho
5391,nso
5392,nbl
5393,ven
5394,nso
5395,tsn
5396,tsn
5397,xho
5398,eng
5399,tso
5400,eng
5401,tso
5402,tso
5403,sot
5404,zul
5405,xho
5406,tsn
5407,ssw
5408,sot
5409,tsn
5410,tso
5411,eng
5412,tsn
5413,sot
5414,tso
5415,tsn
5416,nbl
5417,xho
5418,ven
5419,tso
5420,afr
5421,nbl
5422,ssw
5423,sot
5424,eng
5425,tsn
5426,afr
5427,ven
5428,xho
5429,zul
5430,nbl
5431,afr
5432,ven
5433,ven
5434,nso
5435,sot
5436,zul
5437,ssw
5438,ssw
5439,afr
5440,tso
5441,afr
5442,tsn
5443,afr
5444,nbl
5445,nbl
5446,zul
5447,ssw
5448,nso
5449,tso
5450,ssw
5451,nbl
5452,zul
5453,ssw
5454,tsn
5455,zul
5456,eng
5457,tsn
5458,zul
5459,nbl
5460,eng
5461,xho
5462,ven
5463,ssw
5464,zul
5465,ven
5466,ssw
5467,ssw
5468,nbl
5469,sot
5470,tso
5471,xho
5472,afr
5473,ven
5474,zul
5475,xho
5476,tsn
5477,tsn
5478,nso
5479,xho
5480,afr
5481,nbl
5482,xho
5483,eng
5484,nso
5485,tso
5486,ven
5487,ven
5488,ven
5489,nbl
5490,nbl
5491,tsn
5492,nbl
5493,nbl
5494,eng
5495,nbl
5496,sot
5497,afr
5498,zul
5499,tso
5500,nbl
5501,ven
5502,tso
5503,ven
5504,eng
5505,xho
5506,nbl
5507,ven
5508,nbl
5509,eng
5510,nbl
5511,nso
5512,sot
5513,sot
5514,nbl
5515,nbl
5516,sot
5517,ven
5518,nbl
5519,ssw
5520,nso
5521,tsn
5522,zul
5523,afr
5524,zul
5525,nso
5526,xho
5527,ven
5528,nso
5529,sot
5530,xho
5531,eng
5532,zul
5533,tso
5534,sot
5535,ssw
5536,zul
5537,xho
5538,ssw
5539,afr
5540,sot
5541,zul
5542,ven
5543,tsn
5544,nbl
5545,eng
5546,afr
5547,sot
5548,ven
5549,afr
5550,nbl
5551,sot
5552,tso
5553,sot
5554,xho
5555,ven
5556,ssw
5557,tso
5558,ssw
5559,xho
5560,eng
5561,tso
5562,tsn
5563,tso
5564,ssw
5565,sot
5566,zul
5567,nso
5568,ssw
5569,ven
5570,nso
5571,nbl
5572,xho
5573,eng
5574,eng
5575,xho
5576,ven
5577,zul
5578,sot
5579,tsn
5580,zul
5581,tso
5582,tsn
5583,afr
5584,ven
5585,tso
5586,tso
5587,xho
5588,afr
5589,sot
5590,tso
5591,ssw
5592,ssw
5593,ssw
5594,nbl
5595,ssw
5596,nso
5597,nbl
5598,sot
5599,nso
5600,afr
5601,zul
5602,ssw
5603,nbl
5604,tsn
5605,afr
5606,nso
5607,nso
5608,ssw
5609,ven
5610,tso
5611,eng
5612,tsn
5613,zul
5614,nbl
5615,zul
5616,ssw
5617,sot
5618,tsn
5619,afr
5620,tso
5621,tsn
5622,nso
5623,tsn
5624,ven
5625,eng
5626,ven
5627,eng
5628,zul
5629,ven
5630,zul
5631,nbl
5632,sot
5633,afr
5634,tsn
5635,nso
5636,tsn
5637,zul
5638,ssw
5639,xho
5640,tso
5641,eng
5642,afr
5643,tsn
5644,tso
5645,sot
5646,xho
5647,tso
5648,tso
5649,tso
5650,ven
5651,tsn
5652,sot
5653,tso
5654,eng
5655,nbl
5656,zul
5657,tso
5658,tsn
5659,sot
5660,afr
5661,xho
5662,xho
5663,sot
5664,nbl
5665,nbl
5666,nbl
5667,tso
5668,ven
5669,zul
5670,xho
5671,sot
5672,ven
5673,sot
5674,nbl
5675,nbl
5676,tso
5677,eng
5678,nbl
5679,sot
5680,sot
5681,nso
5682,nso
